episode,step,action,reward,epsilon,distance_to_goal,min_laser,done,reason,total_reward_so_far
1,1,2,0.002291366457939148,0.19925,5.999369555851751,0.9039720892906189,0,continue,0.002291366457939148
1,2,2,0.1370913421877064,0.19925,5.972976357762536,0.917956531047821,0,continue,0.13938270864564556
1,3,2,0.13384317209237936,0.19925,5.946172020496537,0.9357457160949707,0,continue,0.2732258807380249
1,4,2,0.16056855909769535,0.19925,5.914830842946349,0.9692836999893188,0,continue,0.43379443983572025
1,5,2,0.16463771297391688,0.19925,5.887323733951948,1.0016933679580688,0,continue,0.5984321528096371
1,6,2,0.21523573948145153,0.19925,5.856930615001736,1.0283328294754028,0,continue,0.8136678922910887
1,7,2,0.27308532317068757,0.19925,5.829054403411368,1.0623530149459839,0,continue,1.0867532154617763
1,8,2,0.3296409845606872,0.19925,5.807688298310661,1.0853785276412964,0,continue,1.4163942000224634
1,9,0,0.10401330144965919,0.19925,5.78407658177474,1.1104816198349,0,continue,1.5204075014721226
1,10,2,0.484775967781158,0.19925,5.765998994163088,1.1408568620681763,0,continue,2.0051834692532804
1,11,2,0.48459380104370103,0.19925,5.746665124923136,1.1504334211349487,0,continue,2.4897772702969814
1,12,1,0.06729042417418345,0.19925,5.7300151519816165,1.180557370185852,0,continue,2.557067694471165
1,13,2,0.46108897070453064,0.19925,5.71076427966964,1.2130589485168457,0,continue,3.0181566651756957
1,14,2,0.3935779488431078,0.19925,5.702155519956411,1.2308578491210938,0,continue,3.4117346140188034
1,15,2,0.3761276854785685,0.19925,5.693729752673427,1.2341898679733276,0,continue,3.787862299497372
1,16,2,0.36944909122267233,0.19925,5.686487151262657,1.2470574378967285,0,continue,4.157311390720044
1,17,2,0.3613878309282702,0.19925,5.68036723128506,1.2525819540023804,0,continue,4.518699221648314
1,18,2,0.35209091147559224,0.19925,5.67440105004848,1.2560958862304688,0,continue,4.870790133123906
1,19,2,0.3114237636355806,0.19925,5.671661122187514,1.2708390951156616,0,continue,5.182213896759487
1,20,2,-0.02937547651871739,0.19925,5.672508889818605,1.2717758417129517,0,continue,5.152838420240769
1,21,2,-0.04640886054059509,0.19925,5.677513522137988,1.2814923524856567,0,continue,5.1064295597001745
1,22,2,-0.07508444323351733,0.19925,5.688100033833666,1.2660945653915405,0,continue,5.031345116466658
1,23,2,-0.07399565072386079,0.19925,5.699967352430375,1.2741079330444336,0,continue,4.957349465742797
1,24,2,-0.09994627020800304,0.19925,5.717013542068377,1.2641162872314453,0,continue,4.857403195534794
1,25,1,-0.11290068341853314,0.19925,5.736650953418856,1.254463791847229,0,continue,4.744502512116261
1,26,0,0.06036816200632915,0.19925,5.754991003251651,1.251178503036499,0,continue,4.80487067412259
1,27,2,-0.14216190828161274,0.19925,5.779540448686544,1.2144298553466797,0,continue,4.662708765840978
1,28,2,-0.12988516349593177,0.19925,5.8021525436164785,1.2073781490325928,0,continue,4.532823602345045
1,29,2,-0.3976815805621673,0.19925,5.839907565011019,1.1716951131820679,0,continue,4.135142021782878
1,30,2,-0.38167553347720495,0.19925,5.874436383346574,1.1356728076934814,0,continue,3.7534664883056728
1,31,0,-0.29763677418342616,0.19925,5.901324980542553,1.09945809841156,0,continue,3.4558297141222467
1,32,2,-0.309837142458107,0.19925,5.92173417179149,1.0821222066879272,0,continue,3.1459925716641397
1,33,2,-0.3398367260484928,0.19925,5.946497060059375,1.0662071704864502,0,continue,2.806155845615647
1,34,2,-0.40363131201463875,0.19925,5.979032210881536,1.0531001091003418,0,continue,2.402524533601008
1,35,2,-0.42331720844458276,0.19925,6.016288698446724,1.0140372514724731,0,continue,1.979207325156425
1,36,2,-1.2754925055898794,0.19925,6.048257613954313,0.9866426587104797,0,continue,0.7037148195665457
1,37,2,-0.3422957802909784,0.19925,6.075347743522968,0.9634624123573303,0,continue,0.3614190392755673
1,38,2,-0.36196254280706097,0.19925,6.107495167703247,0.9345116019248962,0,continue,-0.0005435035314936831
1,39,2,-0.33537353610917964,0.19925,6.134358518601386,0.9068104028701782,0,continue,-0.3359170396406733
1,40,0,-0.3722917940480456,0.19925,6.167301028784736,0.865715503692627,0,continue,-0.7082088336887189
1,41,2,-0.34541901851121215,0.19925,6.193084468713575,0.8334213495254517,0,continue,-1.0536278521999312
1,42,2,-0.3743409420088595,0.19925,6.223209296240408,0.8121986985206604,0,continue,-1.4279687942087906
1,43,2,-0.40403825300428586,0.19925,6.259501471235844,0.7752457857131958,0,continue,-1.8320070472130765
1,44,2,-0.36511792993983716,0.19925,6.2902030760060335,0.7242217659950256,0,continue,-2.1971249771529138
1,45,2,-0.3269209959194439,0.19925,6.314965612954965,0.6925157904624939,0,continue,-2.524045973072358
1,46,0,-0.2871980745288075,0.19925,6.335326450904282,0.6768584847450256,0,continue,-2.8112440476011655
1,47,0,-0.3083679800037908,0.19925,6.357963769809918,0.6474180817604065,0,continue,-3.119612027604956
1,48,0,-0.3025992723645746,0.19925,6.376048078827174,0.6238065958023071,0,continue,-3.422211299969531
1,49,2,-0.3302413230311301,0.19925,6.397061491007899,0.5994359850883484,0,continue,-3.7524526230006607
1,50,2,-0.3141947144007704,0.19925,6.416105381409118,0.5706753730773926,0,continue,-4.066647337401431
1,51,2,-0.30033753280144343,0.19925,6.434377757256225,0.544076144695282,0,continue,-4.366984870202875
1,52,0,-0.28561913758244084,0.19925,6.450831278908382,0.5275594592094421,0,continue,-4.652604007785316
1,53,2,-0.2740023382246232,0.19925,6.462519157219399,0.5081614255905151,0,continue,-4.9266063460099385
1,54,2,-0.2891804657263286,0.19925,6.478711768753833,0.49703657627105713,0,continue,-5.215786811736267
1,55,2,-0.29467740566375117,0.19925,6.494314485507275,0.483230859041214,0,continue,-5.510464217400019
1,56,2,-0.32607790201997777,0.19925,6.508497001817997,0.44804662466049194,0,continue,-5.836542119419996
1,57,2,-0.28216875333247604,0.19925,6.512813897097964,0.4340711236000061,0,continue,-6.118710872752472
1,58,2,-0.2638254782006002,0.19925,6.512551955416066,0.42437639832496643,0,continue,-6.382536350953073
1,59,2,-0.23469843497596876,0.19925,6.509288467144106,0.42661669850349426,0,continue,-6.617234785929042
1,60,2,-0.2307247613516388,0.19925,6.5032331906127,0.4109426736831665,0,continue,-6.847959547280681
1,61,2,-0.207760977476459,0.19925,6.495481076922166,0.4288669526576996,0,continue,-7.05572052475714
1,62,2,-0.1879671621510291,0.19925,6.487248997236749,0.44036296010017395,0,continue,-7.243687686908169
1,63,2,-0.1582373555356663,0.19925,6.4745176974071335,0.4506983458995819,0,continue,-7.401925042443835
1,64,0,-0.640494336913739,0.19925,6.460793212550422,0.4547788202762604,0,continue,-8.042419379357575
1,65,2,-0.10902416694056748,0.19925,6.440581893642379,0.4706026017665863,0,continue,-8.151443546298143
1,66,2,-0.10967679416736506,0.19925,6.4212109895927405,0.4779886305332184,0,continue,-8.261120340465508
1,67,0,-1.113393776883901,0.19925,6.3910905606471635,0.501731276512146,0,continue,-9.37451411734941
1,68,0,-0.5572579947427233,0.19925,6.3593855548288625,0.5334907174110413,0,continue,-9.931772112092133
1,69,1,0.2116921735282471,0.19925,6.331977654486006,0.552718997001648,0,continue,-9.720079938563886
1,70,2,0.18806817026968847,0.19925,6.294364020432068,0.5859594345092773,0,continue,-9.532011768294197
1,71,2,0.20469862900145408,0.19925,6.2534242946317775,0.6181541085243225,0,continue,-9.327313139292743
1,72,2,0.2243964498102491,0.19925,6.208545004669728,0.6739627122879028,0,continue,-9.102916689482495
1,73,2,0.11006768149897539,0.19925,6.186531468369933,0.7099370956420898,0,continue,-8.99284900798352
1,74,2,0.14611678333292133,0.19925,6.157308111703348,0.7348275184631348,0,continue,-8.846732224650598
1,75,2,0.12460290522612993,0.19925,6.132387530658122,0.7599500417709351,0,continue,-8.722129319424468
1,76,2,0.1364699559211526,0.19925,6.1019417118647805,0.7912529706954956,0,continue,-8.585659363503316
1,77,0,0.11663313377617833,0.19925,6.075563265065932,0.8144732713699341,0,continue,-8.469026229727138
1,78,2,0.12698787767361658,0.19925,6.043124694225385,0.8428995013237,0,continue,-8.342038352053521
1,79,2,0.17861235527792887,0.19925,6.011034581832707,0.8852242827415466,0,continue,-8.163425996775592
1,80,2,0.21396542598205334,0.19925,5.980066030645662,0.8996427059173584,0,continue,-7.949460570793539
1,81,2,0.2960067758582613,0.19925,5.938954391824246,0.9547762274742126,0,continue,-7.653453794935277
1,82,2,0.22545353038617727,0.19925,5.914450981061346,0.9823246598243713,0,continue,-7.4280002645491
1,83,2,0.2514059846343938,0.19925,5.885124504193429,1.0062998533248901,0,continue,-7.176594279914706
1,84,2,0.23180597129890693,0.19925,5.861052446786871,1.0365626811981201,0,continue,-6.9447883086157995
1,85,0,0.12530540689458167,0.19925,5.834842433158659,1.0574290752410889,0,continue,-6.8194829017212175
1,86,2,0.4328672484270057,0.19925,5.8155175997203585,1.092680811882019,0,continue,-6.3866156532942115
1,87,2,0.5112452405618443,0.19925,5.796345691930615,1.0987005233764648,0,continue,-5.875370412732368
1,88,2,0.506019965458552,0.19925,5.777185907083611,1.1294057369232178,0,continue,-5.369350447273815
1,89,2,0.4623585399422382,0.19925,5.762422159363286,1.1578072309494019,0,continue,-4.906991907331577
1,90,2,0.4566056340062858,0.19925,5.750862085835607,1.1643801927566528,0,continue,-4.450386273325291
1,91,2,0.4456833550249078,0.19925,5.741158362037988,1.1698588132858276,0,continue,-4.004702918300383
1,92,2,0.4190861196672867,0.19925,5.730985627622901,1.19253671169281,0,continue,-3.5856167986330965
1,93,2,0.3679032742841718,0.19925,5.725426662255434,1.2000478506088257,0,continue,-3.2177135243489245
1,94,2,0.3310523023045328,0.19925,5.724060113199585,1.214897871017456,0,continue,-2.886661222044392
1,95,0,0.03224865046419731,0.19925,5.727689785890505,1.223575472831726,0,continue,-2.8544125715801947
1,96,0,-0.0009818014253012153,0.19925,5.737232223407649,1.2187893390655518,0,continue,-2.855394373005496
1,97,2,-0.07865150142859445,0.19925,5.7501289939252525,1.2129279375076294,0,continue,-2.9340458744340903
1,98,2,-0.09636707561218713,0.19925,5.767539445666572,1.1968932151794434,0,continue,-3.0304129500462773
1,99,0,-0.09377658600496437,0.19925,5.795266601268693,1.1834410429000854,0,continue,-3.1241895360512415
1,100,2,-0.10458645346508115,0.19925,5.8159188622189735,1.167170763015747,0,continue,-3.228775989516323
1,101,2,-0.08630018088630864,0.19925,5.83313655476044,1.1548995971679688,0,continue,-3.3150761704026315
1,102,2,-0.09964704863836067,0.19925,5.851728871186651,1.1305845975875854,0,continue,-3.414723219040992
1,103,2,-0.1634740049060473,0.19925,5.881018160305958,1.1189630031585693,0,continue,-3.5781972239470394
1,104,1,-0.3114163226239784,0.19925,5.900125160520554,1.1007057428359985,0,continue,-3.889613546571018
1,105,2,-0.3468773916758264,0.19925,5.925574801326589,1.074436068534851,0,continue,-4.2364909382468445
1,106,2,-0.35870867409727253,0.19925,5.953457530480639,1.0700604915618896,0,continue,-4.595199612344117
1,107,2,-0.3383986188133328,0.19925,5.978157982556686,1.0324593782424927,0,continue,-4.9335982311574496
1,108,2,-0.3591301615555763,0.19925,6.008693306498555,1.0092144012451172,0,continue,-5.292728392713026
1,109,2,-0.3329496483504551,0.19925,6.034117804589537,0.9865370988845825,0,continue,-5.625678041063481
1,110,2,-0.35499596535883504,0.19925,6.064166681778453,0.9460480213165283,0,continue,-5.9806740064223165
1,111,2,-0.3387849411310123,0.19925,6.090599527812302,0.9073057174682617,0,continue,-6.319458947553329
1,112,2,-0.3751843592223583,0.19925,6.121511647190238,0.8939203023910522,0,continue,-6.694643306775688
1,113,2,-0.3576392671454657,0.19925,6.148297689399744,0.876411497592926,0,continue,-7.052282573921153
1,114,0,-1.206868567088815,0.19925,6.180914387547968,0.8392868041992188,0,continue,-8.25915114100997
1,115,2,-0.38350789978110633,0.19925,6.213235354819937,0.8107478022575378,0,continue,-8.642659040791075
1,116,2,-0.3427823515078178,0.19925,6.239189225796129,0.7697835564613342,0,continue,-8.985441392298894
1,117,2,-0.40836821874480395,0.19925,6.278394514095894,0.752345860004425,0,continue,-9.393809611043698
1,118,2,-0.3778652267824212,0.19925,6.312622339380626,0.7128807306289673,0,continue,-9.771674837826119
1,119,2,-0.3456625680434434,0.19925,6.340936726443469,0.6779011487960815,0,continue,-10.117337405869563
1,120,2,-0.3211918944512061,0.19925,6.364013198293863,0.6527706980705261,0,continue,-10.438529300320768
1,121,2,-0.34775617934226966,0.19925,6.390859378940086,0.6202840805053711,0,continue,-10.786285479663038
1,122,2,-0.3198539864706838,0.19925,6.411498549409893,0.5873264670372009,0,continue,-11.10613946613372
1,123,2,-0.3317411061388259,0.19925,6.433166279165903,0.566958487033844,0,continue,-11.437880572272547
1,124,0,-0.36834464438882575,0.19925,6.451110915838117,0.5472540259361267,0,continue,-11.806225216661373
1,125,2,-0.2755760817488818,0.19925,6.4630583633731655,0.5189324021339417,0,continue,-12.081801298410255
1,126,2,-0.2716480228123478,0.19925,6.474308692351096,0.5081462860107422,0,continue,-12.353449321222604
1,127,2,-0.26141678763747217,0.19925,6.4839135949803595,0.48823481798171997,0,continue,-12.614866108860076
1,128,2,-0.2654231581964892,0.19925,6.492860324578806,0.46666520833969116,0,continue,-12.880289267056565
1,129,2,-0.2389340279364975,0.19925,6.4971319048034175,0.4632509648799896,0,continue,-13.119223294993063
1,130,2,-0.25203504375870456,0.19925,6.501201484312675,0.4465319812297821,0,continue,-13.371258338751767
1,131,2,-0.239229957162703,0.19925,6.503078078144236,0.45672857761383057,0,continue,-13.61048829591447
1,132,2,-0.24219816381682707,0.19925,6.501755885976719,0.44261202216148376,0,continue,-13.852686459731297
1,133,2,-0.23114705240361785,0.19925,6.4953410937092615,0.42803090810775757,0,continue,-14.083833512134914
1,134,2,-0.18901693373171244,0.19925,6.486422976888307,0.434394896030426,0,continue,-14.272850445866627
1,135,2,-0.15336503738173868,0.19925,6.471996486204128,0.44542694091796875,0,continue,-14.426215483248367
1,136,2,-0.14636817546397218,0.19925,6.457692615365688,0.45691293478012085,0,continue,-14.57258365871234
1,137,0,-0.6421698797204701,0.19925,6.437954094080557,0.4655177891254425,0,continue,-15.21475353843281
1,138,2,-0.11155011896540394,0.19925,6.419552746982113,0.48532119393348694,0,continue,-15.326303657398213
1,139,0,-1.090330779957742,0.19925,6.395200330774992,0.4970743954181671,0,continue,-16.416634437355956
1,140,2,-0.06283961155854262,0.19925,6.367768253086701,0.513795793056488,0,continue,-16.479474048914497
1,141,2,0.2080110572949012,0.19925,6.326166041627721,0.5617495179176331,0,continue,-16.271462991619597
1,142,2,0.1930694109948039,0.19925,6.28755215942876,0.5836686491966248,0,continue,-16.07839358062479
1,143,2,0.17889205683460752,0.19925,6.251773748061838,0.6291784644126892,0,continue,-15.899501523790184
1,144,2,0.1497982025365241,0.19925,6.2218141075545335,0.6578836441040039,0,continue,-15.749703321253659
1,145,2,0.12527377948894358,0.19925,6.196759351656745,0.6875029802322388,0,continue,-15.624429541764716
1,146,2,0.1550544507788798,0.19925,6.165748461500969,0.7285659313201904,0,continue,-15.469375090985835
1,147,1,0.15868729591913588,0.19925,6.139052029386233,0.7547549605369568,0,continue,-15.310687795066698
1,148,2,0.13996722835580072,0.19925,6.106576127799991,0.7894838452339172,0,continue,-15.170720566710898
1,149,2,0.14417907379441933,0.19925,6.079334859360517,0.8218091130256653,0,continue,-15.02654149291648
1,150,1,0.13967481689878297,0.19925,6.047944781525779,0.8392733931541443,0,continue,-14.886866676017696
1,151,2,0.21670428630991867,0.19925,6.017557754618834,0.8758115172386169,0,continue,-14.670162389707778
1,152,2,0.18487043184168134,0.19925,5.992038547970174,0.9015016555786133,0,continue,-14.485291957866098
1,153,2,0.20384459006546807,0.19925,5.961031239309442,0.9141652584075928,0,continue,-14.281447367800629
1,154,2,0.18378194040879717,0.19925,5.935055314821729,0.9522611498832703,0,continue,-14.097665427391831
1,155,2,0.20821756527517135,0.19925,5.902750817081589,0.9810585379600525,0,continue,-13.88944786211666
1,156,2,0.18143900292585985,0.19925,5.877898537635235,1.0084716081619263,0,continue,-13.7080088591908
1,157,2,0.2316000645071598,0.19925,5.84852182864312,1.0338736772537231,0,continue,-13.47640879468364
1,158,2,0.2714490172299386,0.19925,5.826078566643511,1.0697599649429321,0,continue,-13.204959777453702
1,159,2,0.43132206433462467,0.19925,5.802418399892532,1.0973219871520996,0,continue,-12.773637713119077
1,160,2,0.4964406703000869,0.19925,5.782384653536314,1.1256120204925537,0,continue,-12.27719704281899
1,161,1,0.059124493231650234,0.19925,5.768050103847668,1.139549732208252,0,continue,-12.21807254958734
1,162,2,0.4798416747214234,0.19925,5.753227684090727,1.1457520723342896,0,continue,-11.738230874865916
1,163,0,0.04014154050573637,0.19925,5.742982006215883,1.174403429031372,0,continue,-11.69808933436018
1,164,2,0.4033190851820371,0.19925,5.7338367959558765,1.2014551162719727,0,continue,-11.294770249178143
1,165,0,0.03774157886137419,0.19925,5.728544206324004,1.2033735513687134,0,continue,-11.25702867031677
1,166,2,0.3737027361720969,0.19925,5.722447588520326,1.213159203529358,0,continue,-10.883325934144672
1,167,2,0.3723774405416027,0.19925,5.716662889054101,1.2249817848205566,0,continue,-10.510948493603069
1,168,0,0.03546583622822661,0.19925,5.710310881923548,1.2280930280685425,0,continue,-10.475482657374842
1,169,2,0.33851155015517626,0.19925,5.7060158964085925,1.2460047006607056,0,continue,-10.136971107219665
1,170,2,0.32016588696577236,0.19925,5.705561326331503,1.2506835460662842,0,continue,-9.816805220253892
1,171,2,-0.03986947615607099,0.19925,5.709489846536493,1.2564431428909302,0,continue,-9.856674696409963
1,172,2,-0.05651693782141023,0.19925,5.717572596278512,1.2434368133544922,0,continue,-9.913191634231373
1,173,2,-0.05965300137573872,0.19925,5.7270577118828205,1.2518401145935059,0,continue,-9.972844635607112
1,174,2,-0.05734141933726975,0.19925,5.7369320274548095,1.2509222030639648,0,continue,-10.030186054944382
1,175,2,-0.08200975915008053,0.19925,5.750845506326422,1.240704894065857,0,continue,-10.112195814094463
1,176,2,-0.08372031155659729,0.19925,5.76460563130046,1.2249594926834106,0,continue,-10.19591612565106
1,177,2,-0.12156072041425925,0.19925,5.78443606910232,1.223333716392517,0,continue,-10.317476846065318
1,178,2,-0.14139398650512552,0.19925,5.807974952054211,1.2080879211425781,0,continue,-10.458870832570444
1,179,2,-0.32927497570418196,0.19925,5.830227437986696,1.1926933526992798,0,continue,-10.788145808274626
1,180,2,-0.35591733932181735,0.19925,5.857806421626302,1.1733454465866089,0,continue,-11.144063147596443
1,181,0,-0.3599255166970241,0.19925,5.882684034899705,1.135970115661621,0,continue,-11.503988664293466
1,182,2,-0.36849002311424006,0.19925,5.913529872608333,1.112317681312561,0,continue,-11.872478687407707
1,183,2,-0.3441828783773945,0.19925,5.939756232196383,1.0884969234466553,0,continue,-12.2166615657851
1,184,2,-0.41001417087256825,0.19925,5.978135907333602,1.069865345954895,0,continue,-12.626675736657669
1,185,2,-1.320040556729688,0.19925,6.016534012438152,1.0157320499420166,0,continue,-13.946716293387357
1,186,2,-0.37048824232409633,0.19925,6.048106255493931,0.9935474991798401,0,continue,-14.317204535711454
1,187,2,-0.371236062021986,0.19925,6.079985933112912,0.955933690071106,0,continue,-14.68844059773344
1,188,0,-0.36720950940390606,0.19925,6.106150720008528,0.9399273991584778,0,continue,-15.055650107137346
1,189,2,-0.36932713025480157,0.19925,6.136352725982029,0.9162305593490601,0,continue,-15.424977237392147
1,190,2,-0.3378012669698516,0.19925,6.160475549818482,0.8737121224403381,0,continue,-15.762778504361998
1,191,2,-0.394694399940806,0.19925,6.1953688849479525,0.8495686650276184,0,continue,-16.157472904302804
1,192,2,-0.3603028882087447,0.19925,6.2250678683442136,0.8024770617485046,0,continue,-16.51777579251155
1,193,2,-0.3242730854779734,0.19925,6.248880713369001,0.7661923766136169,0,continue,-16.842048877989523
1,194,2,-0.2996741922703645,0.19925,6.268192993693039,0.7432515621185303,0,continue,-17.141723070259886
1,195,2,-0.32056564760537626,0.19925,6.2903178659782935,0.7169833779335022,0,continue,-17.462288717865263
1,196,2,-0.3179245835493396,0.19925,6.31006907849361,0.6905912756919861,0,continue,-17.7802133014146
1,197,2,-0.2875752981742381,0.19925,6.323471997355691,0.6709164381027222,0,continue,-18.06778859958884
1,198,2,-0.28300711138940915,0.19925,6.335147310265863,0.6444969177246094,0,continue,-18.35079571097825
1,199,2,-0.2473588867723751,0.19925,6.341192002201728,0.6292049288749695,0,continue,-18.598154597750625
1,200,2,-0.23468358635907202,0.19925,6.345013037578536,0.6326075196266174,0,continue,-18.832838184109697
1,201,2,-0.21533067034345044,0.19925,6.34592474507415,0.6170980930328369,0,continue,-19.04816885445315
1,202,2,-0.20718645485908954,0.19925,6.344660770387331,0.6044212579727173,0,continue,-19.25535530931224
1,203,0,-0.44787916364479,0.19925,6.3408478934493395,0.6081833839416504,0,continue,-19.70323447295703
1,204,2,-0.17966747068141994,0.19925,6.333092119521687,0.6111500859260559,0,continue,-19.882901943638448
1,205,2,-0.1605081876324369,0.19925,6.321343191415717,0.61220782995224,0,continue,-20.043410131270885
1,206,2,-0.1362065796450248,0.19925,6.305517932230802,0.6237097382545471,0,continue,-20.17961671091591
1,207,1,0.6053098344407652,0.19925,6.2792840634149005,0.6276946067810059,0,continue,-19.574306876475145
1,208,2,-0.12306744229384597,0.19925,6.263109558916442,0.6577140688896179,0,continue,-19.69737431876899
1,209,2,-0.1038741807632321,0.19925,6.243086264629581,0.6680898070335388,0,continue,-19.80124849953222
1,210,2,-0.11993850593107686,0.19925,6.225578376719637,0.6851022243499756,0,continue,-19.9211870054633
1,211,0,-0.10962373362693328,0.19925,6.203312162687415,0.695766031742096,0,continue,-20.03081073909023
1,212,0,0.09783136431927139,0.19925,6.184164034220608,0.7320589423179626,0,continue,-19.93297937477096
1,213,0,0.1194695864437737,0.19925,6.160306848847986,0.744801938533783,0,continue,-19.813509788327185
1,214,0,0.1574359008542501,0.19925,6.126259237260567,0.7761648893356323,0,continue,-19.656073887472935
1,215,2,0.17632614718315776,0.19925,6.0880339099488,0.7990909814834595,0,continue,-19.479747740289778
1,216,0,0.24593141011445083,0.19925,6.040095612974706,0.84703528881073,0,continue,-19.233816330175326
1,217,1,0.30133366266067896,0.19925,5.999837205574645,0.8947087526321411,0,continue,-18.93248266751465
1,218,0,0.22611485109824125,0.19925,5.958495305988435,0.9291256666183472,0,continue,-18.706367816416407
1,219,0,0.14396686072765713,0.19925,5.930356751421057,0.9616953730583191,0,continue,-18.562400955688748
1,220,0,0.21349859293691553,0.19925,5.890063482979137,1.0024421215057373,0,continue,-18.348902362751833
1,221,0,0.14897129200858467,0.19925,5.860613882862279,1.0274680852890015,0,continue,-18.199931070743247
1,222,2,0.23371355878538294,0.19925,5.813060933578332,1.0670047998428345,0,continue,-17.966217511957865
1,223,2,0.23854416222426675,0.19925,5.764915766553379,1.11460542678833,0,continue,-17.7276733497336
1,224,2,0.19367656985518064,0.19925,5.725291564947996,1.155635952949524,0,continue,-17.533996779878418
1,225,2,0.18808240719739316,0.19925,5.686669978408812,1.1962745189666748,0,continue,-17.345914372681026
1,226,2,0.11532389277899227,0.19925,5.663529243587561,1.2211015224456787,0,continue,-17.230590479902034
1,227,2,0.13316432213197385,0.19925,5.634809648288574,1.253705620765686,0,continue,-17.09742615777006
1,228,2,0.10674720213723676,0.19925,5.609984996708583,1.2777825593948364,0,continue,-16.990678955632823
1,229,2,0.12968550934430073,0.19925,5.578657944460871,1.3136805295944214,0,continue,-16.86099344628852
1,230,2,0.11245933106824975,0.19925,5.551720043626061,1.3469815254211426,0,continue,-16.74853411522027
1,231,2,0.16349534696300652,0.19925,5.5192961760931425,1.3763453960418701,0,continue,-16.585038768257263
1,232,2,0.20173995946771148,0.19925,5.487294881678086,1.4032604694366455,0,continue,-16.38329880878955
1,233,2,0.2056937664092714,0.19925,5.461153214037984,1.425748348236084,0,continue,-16.17760504238028
1,234,2,0.25491415893669117,0.19925,5.430559527669385,1.4543489217758179,0,continue,-15.922690883443588
1,235,2,0.2620901465462913,0.19925,5.405792206969124,1.4995896816253662,0,continue,-15.660600736897296
1,236,2,0.3245801032086392,0.19925,5.378034667827151,1.5193365812301636,0,continue,-15.336020633688657
1,237,2,0.25640301397289017,0.19925,5.3567055979073155,1.543592095375061,0,continue,-15.079617619715766
1,238,2,0.2727361948269939,0.19925,5.333868708402269,1.576948881149292,0,continue,-14.806881424888772
1,239,0,0.054867884979579666,0.19925,5.317442974674162,1.5807499885559082,0,continue,-14.752013539909193
1,240,2,0.2605133715145459,0.19925,5.30070542270519,1.5980380773544312,0,continue,-14.491500168394646
1,241,2,0.2232325314283296,0.19925,5.287159654865642,1.6318057775497437,0,continue,-14.268267636966316
1,242,2,0.1848346438325798,0.19925,5.27644518522973,1.644344449043274,0,continue,-14.083432993133735
1,243,2,0.1612991163652175,0.19925,5.2654691753907485,1.6604939699172974,0,continue,-13.922133876768518
1,244,2,0.12844607643474065,0.19925,5.261183664911357,1.6748746633529663,0,continue,-13.793687800333776
1,245,2,0.11782515220871632,0.19925,5.257732159476157,1.6749862432479858,0,continue,-13.67586264812506
1,246,0,0.002930542457595565,0.19925,5.256699419637308,1.6887751817703247,0,continue,-13.672932105667464
1,247,2,-0.031779269717017875,0.19925,5.258961359332597,1.684166669845581,0,continue,-13.704711375384482
1,248,2,-0.048802530682138245,0.19925,5.26462516647312,1.6863032579421997,0,continue,-13.75351390606662
1,249,2,-0.09362821063173468,0.19925,5.278470751625569,1.6894288063049316,0,continue,-13.847142116698356
1,250,2,-0.13024489212495016,0.19925,5.30112404351972,1.6727349758148193,0,continue,-13.977387008823307
1,251,2,-0.07400747501863525,0.19925,5.315025714175833,1.6570550203323364,0,continue,-14.051394483841943
1,252,0,-0.10520902304968516,0.19925,5.332435850326175,1.653621792793274,0,continue,-14.156603506891628
1,253,0,-0.13234868400879124,0.19925,5.348146742798025,1.6347031593322754,0,continue,-14.28895219090042
1,254,2,-0.12696774687274576,0.19925,5.369592430585423,1.628106951713562,0,continue,-14.415919937773165
1,255,2,-0.149107600113632,0.19925,5.395018186409711,1.6161105632781982,0,continue,-14.565027537886797
1,256,2,-0.4552790045157016,0.19925,5.441482140858979,1.573188304901123,0,continue,-15.020306542402498
1,257,2,-0.38328837593786785,0.19925,5.476593796986432,1.544578194618225,0,continue,-15.403594918340366
1,258,2,-0.3511968079436887,0.19925,5.506117922032342,1.5106871128082275,0,continue,-15.754791726284054
1,259,2,-0.34638331343934925,0.19925,5.534947964463995,1.476833462715149,0,continue,-16.101175039723405
1,260,0,-0.31155016122479334,0.19925,5.559410480206063,1.4619494676589966,0,continue,-16.4127252009482
1,261,2,-0.37236796923924925,0.19925,5.589907591286805,1.4284160137176514,0,continue,-16.785093170187448
1,262,2,-0.3552625839594836,0.19925,5.616366824801016,1.4005765914916992,0,continue,-17.14035575414693
1,263,2,-1.329460363936744,0.19925,5.659299848034935,1.3641029596328735,0,continue,-18.469816118083674
1,264,2,-0.40707403451369917,0.19925,5.697768594516581,1.3149160146713257,0,continue,-18.876890152597372
1,265,2,-0.3626853853380058,0.19925,5.729668897340151,1.2915923595428467,0,continue,-19.239575537935377
1,266,2,-0.33447676258844417,0.19925,5.756289624591306,1.2454854249954224,0,continue,-19.57405230052382
1,267,1,-0.36457202734591654,0.19925,5.788215428133351,1.2216869592666626,0,continue,-19.93862432786974
1,268,2,-0.3713192647486189,0.19925,5.818961590552094,1.1962107419967651,0,continue,-20.309943592618357
1,269,2,-0.3430928644723672,0.19925,5.843193568679629,1.1742802858352661,0,continue,-20.653036457090725
1,270,2,-0.3676049995677928,0.19925,5.871414533635051,1.1441199779510498,0,continue,-21.020641456658517
1,271,2,-0.31472408947496505,0.19925,5.892630565103257,1.1260197162628174,0,continue,-21.33536554613348
1,272,2,-0.33648945876473024,0.19925,5.918168924862613,1.08383309841156,0,continue,-21.671855004898212
1,273,2,-0.3211523422851158,0.19925,5.940461646805395,1.0768734216690063,0,continue,-21.99300734718333
1,274,2,-0.3383415646237078,0.19925,5.967769703703544,1.0467158555984497,0,continue,-22.331348911807037
1,275,2,-0.31960746429257647,0.19925,5.988239653056568,1.0089962482452393,0,continue,-22.650956376099614
1,276,2,-0.3404473769851545,0.19925,6.009668989305007,0.9900866150856018,0,continue,-22.991403753084768
1,277,2,-0.31645624448597937,0.19925,6.026345105892018,0.9575204253196716,0,continue,-23.30785999757075
1,278,2,-0.26830799944578276,0.19925,6.036089350204353,0.9392067193984985,0,continue,-23.57616799701653
1,279,2,-0.25442926752725714,0.19925,6.04444844296962,0.9251657724380493,0,continue,-23.830597264543787
1,280,2,-0.23156434856977462,0.19925,6.049677733287426,0.9112579226493835,0,continue,-24.062161613113563
1,281,2,-0.2325967089647632,0.19925,6.05474002731307,0.8991290926933289,0,continue,-24.294758322078327
1,282,2,-0.22451737256922596,0.19925,6.057514174804694,0.895677924156189,0,continue,-24.519275694647554
1,283,2,-0.21992178668663237,0.19925,6.057652655536468,0.8808948397636414,0,continue,-24.739197481334188
1,284,2,-0.2024703796918468,0.19925,6.054301076184761,0.8811753988265991,0,continue,-24.941667861026033
1,285,2,-0.17965656507432448,0.19925,6.045683957908272,0.8824159502983093,0,continue,-25.121324426100358
1,286,0,-0.28852185956559373,0.19925,6.032940083756448,0.885416567325592,0,continue,-25.409846285665953
1,287,2,-0.14687831114146088,0.19925,6.019720732752078,0.8882082104682922,0,continue,-25.556724596807413
1,288,2,-0.12211983688342334,0.19925,6.001383076186495,0.9077746868133545,0,continue,-25.678844433690838
1,289,0,-0.1274751408030469,0.19925,5.980387089330381,0.9192386865615845,0,continue,-25.806319574493884
1,290,2,-0.06000395929351629,0.19925,5.949630117093044,0.9496974349021912,0,continue,-25.8663235337874
1,291,2,-0.10683244257241899,0.19925,5.929238925466174,0.9749572277069092,0,continue,-25.97315597635982
1,292,2,-0.055997268836891934,0.19925,5.898246627316755,0.9952037334442139,0,continue,-26.02915324519671
1,293,2,0.15163620066807676,0.19925,5.865966660722918,1.0271960496902466,0,continue,-25.877517044528634
1,294,2,0.13189263107168508,0.19925,5.837538928728335,1.0582270622253418,0,continue,-25.745624413456948
1,295,2,0.13450489140322505,0.19925,5.808122799317712,1.08456289768219,0,continue,-25.611119522053723
1,296,2,0.11308792631241178,0.19925,5.782668042531475,1.1064281463623047,0,continue,-25.498031595741313
1,297,2,0.13772729643829093,0.19925,5.750965816402238,1.1400625705718994,0,continue,-25.36030429930302
1,298,2,0.11729018628378045,0.19925,5.723829025369538,1.1654791831970215,0,continue,-25.24301411301924
1,299,2,0.15007253907142912,0.19925,5.691373298570226,1.1935251951217651,0,continue,-25.092941573947808
1,300,2,0.15599180080598726,0.19925,5.664623494578572,1.2375760078430176,0,continue,-24.93694977314182
1,301,2,0.20916957255932384,0.19925,5.633366810796032,1.258976697921753,0,continue,-24.727780200582494
1,302,2,0.21831298889675524,0.19925,5.608137076426501,1.2831462621688843,0,continue,-24.509467211685738
1,303,2,0.2732337620759263,0.19925,5.57893781925874,1.3115040063858032,0,continue,-24.236233449609813
1,304,2,0.3219911105002764,0.19925,5.551560976149085,1.3394333124160767,0,continue,-23.914242339109535
1,305,2,0.34972895457893716,0.19925,5.530629444593209,1.364041805267334,0,continue,-23.5645133845306
1,306,2,0.3619077151373871,0.19925,5.508151110350926,1.4022756814956665,0,continue,-23.20260566939321
1,307,2,0.3401777446301726,0.19925,5.491973066831415,1.4156538248062134,0,continue,-22.86242792476304
1,308,2,0.3549788697835736,0.19925,5.475696791395062,1.4338127374649048,0,continue,-22.507449054979467
1,309,2,0.30500042253083365,0.19925,5.464794697057962,1.4538861513137817,0,continue,-22.202448632448633
1,310,0,0.050300899107635993,0.19925,5.454997647446825,1.4695225954055786,0,continue,-22.152147733340996
1,311,2,0.22391548645130324,0.19925,5.449692204510572,1.469903826713562,0,continue,-21.928232246889692
1,312,2,0.2059419043323279,0.19925,5.446950283443103,1.4894860982894897,0,continue,-21.722290342557365
1,313,2,-0.027530801111721903,0.19925,5.448565296132462,1.4871516227722168,0,continue,-21.749821143669088
1,314,2,-0.04498173557877401,0.19925,5.454592079056684,1.4983365535736084,0,continue,-21.79480287924786
1,315,2,-0.05198864553222391,0.19925,5.462675137460729,1.4967010021209717,0,continue,-21.846791524780084
1,316,2,-0.05033817885123293,0.19925,5.471088902566093,1.4884376525878906,0,continue,-21.897129703631318
1,317,2,-0.07074721974786073,0.19925,5.482599590289108,1.4859848022460938,0,continue,-21.96787692337918
1,318,2,-0.07704946709644314,0.19925,5.49493115554822,1.474556565284729,0,continue,-22.044926390475624
1,319,2,-0.11363726206180624,0.19925,5.513139686030231,1.4649434089660645,0,continue,-22.15856365253743
1,320,2,-0.10945552883039697,0.19925,5.531074766205361,1.446889042854309,0,continue,-22.26801918136783
1,321,2,-0.14575831823239166,0.19925,5.5558274243238515,1.4380348920822144,0,continue,-22.413777499600222
1,322,1,-0.1496822109940771,0.19925,5.581942686227186,1.4259567260742188,0,continue,-22.563459710594298
1,323,0,-0.3689256255718654,0.19925,5.606339416748319,1.3998656272888184,0,continue,-22.932385336166163
1,324,1,-0.3696063870534,0.19925,5.636959791999362,1.3740830421447754,0,continue,-23.30199172321956
1,325,2,-0.343389166471478,0.19925,5.66293397550582,1.3530757427215576,0,continue,-23.64538088969104
1,326,2,-0.3972060591116603,0.19925,5.701141610750268,1.3139526844024658,0,continue,-24.0425869488027
1,327,2,-0.4005988237118051,0.19925,5.739166629494416,1.2801941633224487,0,continue,-24.443185772514507
1,328,2,-0.38427817350829363,0.19925,5.77083206846973,1.2448316812515259,0,continue,-24.8274639460228
1,329,2,-0.34079441964906165,0.19925,5.795140971981797,1.2080579996109009,0,continue,-25.16825836567186
1,330,2,-0.33601291855099935,0.19925,5.82233183729934,1.1820367574691772,0,continue,-25.50427128422286
1,331,0,-0.3949700641861709,0.19925,5.852565408344676,1.1677281856536865,0,continue,-25.89924134840903
1,332,2,-0.36529184419768623,0.19925,5.8787322940492075,1.1270912885665894,0,continue,-26.264533192606716
1,333,2,-1.2644266137140028,0.19925,5.911189517527247,1.1047393083572388,0,continue,-27.52895980632072
1,334,2,-0.39385599723980425,0.19925,5.945371576653234,1.0609043836593628,0,continue,-27.922815803560525
1,335,2,-0.4147864544762505,0.19925,5.986237600491134,1.0311548709869385,0,continue,-28.337602258036775
1,336,2,-0.3289362638205826,0.19925,6.011158437830139,0.9965835213661194,0,continue,-28.66653852185736
1,337,2,-0.3584633832499011,0.19925,6.0416915740805,0.9679791331291199,0,continue,-29.02500190510726
1,338,0,-0.3165302940854123,0.19925,6.0673037184242675,0.9446808695793152,0,continue,-29.341532199192674
1,339,2,-0.3644076818208437,0.19925,6.0962421787823295,0.9219651222229004,0,continue,-29.705939881013517
1,340,2,-0.3552258818328877,0.19925,6.121818620005754,0.8948115706443787,0,continue,-30.061165762846404
1,341,2,-0.3422279107507019,0.19925,6.145753874214647,0.863188624382019,0,continue,-30.403393673597105
1,342,2,-0.37079184718753966,0.19925,6.176300672359372,0.8290534019470215,0,continue,-30.774185520784645
1,343,2,-0.2835299234236071,0.19925,6.192322799650732,0.8027154803276062,0,continue,-31.057715444208252
1,344,2,-0.2922368537078499,0.19925,6.210567567084654,0.7736671566963196,0,continue,-31.3499522979161
1,345,2,-0.28166180067154506,0.19925,6.22622128141355,0.7587786316871643,0,continue,-31.631614098587647
1,346,2,-0.3009786636859624,0.19925,6.243422361715739,0.7371395826339722,0,continue,-31.93259276227361
1,347,1,-0.2779384802600564,0.19925,6.254930287349635,0.7083006501197815,0,continue,-32.21053124253367
1,348,2,-0.272242484950169,0.19925,6.263869525683799,0.6892726421356201,0,continue,-32.48277372748384
1,349,2,-0.2398440084629974,0.19925,6.267129724420614,0.6781005859375,0,continue,-32.722617735946834
1,350,0,-0.9962629651080797,0.19925,6.266543007786301,0.6779330372810364,0,continue,-33.718880701054914
1,351,1,0.43982236862917673,0.19925,6.263962014942286,0.6720833778381348,0,continue,-33.279058332425734
1,352,2,-0.20158982646469317,0.19925,6.262730149996591,0.6839178204536438,0,continue,-33.480648158890425
1,353,0,-0.09164815167771886,0.19925,6.2629489984273885,0.687044084072113,0,continue,-33.57229631056814
1,354,2,-0.20512118678568605,0.19925,6.262793345094007,0.680777907371521,0,continue,-33.77741749735383
1,355,0,-0.41942612285301023,0.19925,6.260431657075918,0.6742199659347534,0,continue,-34.19684362020684
1,356,0,-0.3136197566248659,0.19925,6.25600937274818,0.6791412830352783,0,continue,-34.51046337683171
1,357,2,-0.1650139389435571,0.19925,6.247746084005635,0.6764736175537109,0,continue,-34.67547731577527
1,358,2,-0.16372003658822845,0.19925,6.239628272698938,0.6798626780509949,0,continue,-34.8391973523635
1,359,2,-0.15159921493723322,0.19925,6.229019226780785,0.6799193620681763,0,continue,-34.990796567300734
1,360,0,-0.16464454688037797,0.19925,6.2172688734624995,0.6966145634651184,0,continue,-35.15544111418111
1,361,0,-0.1990954245755398,0.19925,6.209330539873673,0.7094138860702515,0,continue,-35.35453653875665
1,362,2,-0.15588925389246744,0.19925,6.198301587378977,0.7186339497566223,0,continue,-35.510425792649116
1,363,2,-0.14466770607618085,0.19925,6.184091606498558,0.728839635848999,0,continue,-35.6550934987253
1,364,0,0.07851714830810685,0.19925,6.155446715832394,0.7477334141731262,0,continue,-35.57657635041719
1,365,2,0.10822651920468614,0.19925,6.131972034784973,0.7767629623413086,0,continue,-35.46834983121251
1,366,2,0.10288940665847528,0.19925,6.111234820812403,0.8014605641365051,0,continue,-35.36546042455403
1,367,0,0.11100368400115268,0.19925,6.089543846262897,0.8205370306968689,0,continue,-35.254456740552875
1,368,0,0.17516537051241413,0.19925,6.0590359288140485,0.8487969040870667,0,continue,-35.07929137004046
1,369,2,0.09555162797845565,0.19925,6.038218193435842,0.8720369338989258,0,continue,-34.983739742062
1,370,2,0.10692574423053332,0.19925,6.014226019186783,0.8897218108177185,0,continue,-34.87681399783147
1,371,2,0.19464868132414426,0.19925,5.9714874013413555,0.9294244050979614,0,continue,-34.68216531650732
1,372,0,0.14527407028794714,0.19925,5.9392696924598605,0.9537854790687561,0,continue,-34.536891246219376
1,373,2,0.13598005137561558,0.19925,5.910916627307597,0.9927482008934021,0,continue,-34.40091119484376
1,374,2,0.11608338937519255,0.19925,5.886675977800235,1.0155583620071411,0,continue,-34.28482780546857
1,375,2,0.16764534497644418,0.19925,5.850650650429057,1.047473669052124,0,continue,-34.117182460492124
1,376,0,0.2319164103327289,0.19925,5.8053988169486495,1.0837175846099854,0,continue,-33.885266050159395
1,377,2,0.12189360912463307,0.19925,5.778535878900693,1.1228798627853394,0,continue,-33.76337244103476
1,378,2,0.1474924770505799,0.19925,5.7461645651335544,1.1551803350448608,0,continue,-33.615879963984185
1,379,2,0.17817232171014769,0.19925,5.712748211910744,1.1879247426986694,0,continue,-33.437707642274034
1,380,2,0.26932110831961775,0.19925,5.665087947531252,1.2277235984802246,0,continue,-33.16838653395442
1,381,2,0.18589718972428165,0.19925,5.6381999230068915,1.2736974954605103,0,continue,-32.98248934423014
1,382,2,0.2320137199003424,0.19925,5.606234270550211,1.2959659099578857,0,continue,-32.750475624329795
1,383,2,0.21958812767841346,0.19925,5.580064529542335,1.3318536281585693,0,continue,-32.53088749665138
1,384,2,0.28248434463274946,0.19925,5.549617663282833,1.3611955642700195,0,continue,-32.24840315201863
1,385,2,0.3388906586005264,0.19925,5.521241702491712,1.3913133144378662,0,continue,-31.909512493418106
1,386,2,0.33100539491506425,0.19925,5.4996924591197525,1.4176126718521118,0,continue,-31.578507098503042
1,387,2,0.347917682782264,0.19925,5.476664286527581,1.437973141670227,0,continue,-31.23058941572078
1,388,0,0.06778029937587407,0.19925,5.460215071139625,1.458115816116333,0,continue,-31.162809116344906
1,389,2,0.34205463684584275,0.19925,5.4428627363945585,1.469037413597107,0,continue,-30.820754479499065
1,390,1,0.046253709888112574,0.19925,5.43082833593573,1.4865421056747437,0,continue,-30.774500769610952
1,391,2,0.25805851507842187,0.19925,5.417544099737904,1.5093159675598145,0,continue,-30.51644225453253
1,392,0,0.06277023463303398,0.19925,5.4073031949212895,1.5254905223846436,0,continue,-30.453672019899496
1,393,0,0.03896022029479558,0.19925,5.401756470454984,1.529200553894043,0,continue,-30.4147117996047
1,394,2,0.20594283786167744,0.19925,5.397016450937547,1.5345646142959595,0,continue,-30.208768961743022
1,395,2,0.20308779569158086,0.19925,5.3902333742090125,1.5368220806121826,0,continue,-30.005681166051442
1,396,2,0.2340882080533742,0.19925,5.378830042232207,1.5418118238449097,0,continue,-29.771592957998067
1,397,0,0.043248645552093554,0.19925,5.37055893509214,1.558035969734192,0,continue,-29.728344312445973
1,398,2,0.18592094462350964,0.19925,5.364714089917521,1.5631890296936035,0,continue,-29.54242336782246
1,399,2,0.16377364907710817,0.19925,5.3620818822073275,1.5668352842330933,0,continue,-29.378649718745354
1,400,2,-0.03424528878424984,0.19925,5.363740040308758,1.5781328678131104,0,continue,-29.412895007529603
1,401,2,-0.05880406158128837,0.19925,5.371208092663608,1.5797572135925293,0,continue,-29.47169906911089
1,402,2,-0.06937727477384166,0.19925,5.3818882887556185,1.5763062238693237,0,continue,-29.541076343884733
1,403,2,-0.07309792825248981,0.19925,5.39458998093834,1.5696215629577637,0,continue,-29.614174272137223
1,404,2,-0.06857586186872382,0.19925,5.406592867275782,1.5531197786331177,0,continue,-29.682750134005946
1,405,2,-0.09874169793138625,0.19925,5.42324021211534,1.5518757104873657,0,continue,-29.781491831937334
1,406,2,-0.098751356684601,0.19925,5.439494273729519,1.5321054458618164,0,continue,-29.880243188621936
1,407,2,-0.13844747169973246,0.19925,5.462593210878258,1.5147277116775513,0,continue,-30.018690660321667
1,408,0,-0.3867577668351697,0.19925,5.484258357444443,1.5040454864501953,0,continue,-30.405448427156838
1,409,0,-0.3894220047674878,0.19925,5.512482885258711,1.4823591709136963,0,continue,-30.794870431924327
1,410,2,-0.33814331851629253,0.19925,5.537343192751649,1.4566148519515991,0,continue,-31.133013750440618
1,411,0,-0.39856839056552484,0.19925,5.574426858696191,1.4374094009399414,0,continue,-31.531582141006144
1,412,2,-0.47618655258954884,0.19925,5.627200603309141,1.3870875835418701,0,continue,-32.00776869359569
1,413,2,-0.3946643812686952,0.19925,5.665446273141179,1.3501641750335693,0,continue,-32.40243307486439
1,414,2,-0.41160039203507215,0.19925,5.707525627324934,1.300516128540039,0,continue,-32.81403346689946
1,415,0,-0.3784113790442204,0.19925,5.746209479868916,1.250676155090332,0,continue,-33.19244484594368
1,416,1,-0.3704825233880914,0.19925,5.7794450728057765,1.2141141891479492,0,continue,-33.562927369331774
1,417,2,-0.3470806109571665,0.19925,5.8066104171403135,1.1897666454315186,0,continue,-33.91000798028894
1,418,0,-1.264054321879865,0.19925,5.845557532316989,1.1577091217041016,0,continue,-35.17406230216881
1,419,2,-0.41285354943086017,0.19925,5.8840659440238285,1.1139017343521118,0,continue,-35.58691585159967
1,420,2,-0.3581944012486319,0.19925,5.9136297336567125,1.0788034200668335,0,continue,-35.9451102528483
1,421,2,-0.4112048123865515,0.19925,5.954756268798292,1.0390901565551758,0,continue,-36.35631506523485
1,422,1,-0.394981699271021,0.19925,5.992460649770425,1.006556749343872,0,continue,-36.751296764505874
1,423,0,-0.3313398641964135,0.19925,6.0230707687215785,0.9780024886131287,0,continue,-37.08263662870229
1,424,2,-0.34088751797427264,0.19925,6.049004878382599,0.9477378129959106,0,continue,-37.42352414667656
1,425,2,-0.37890909654958654,0.19925,6.079433172994244,0.9164592623710632,0,continue,-37.80243324322615
1,426,2,-0.3538782725704566,0.19925,6.1063854264845,0.8830636739730835,0,continue,-38.1563115157966
1,427,2,-0.4068333833026206,0.19925,6.146994701188116,0.8567395806312561,0,continue,-38.56314489909922
1,428,2,-0.32476927160448793,0.19925,6.169878044801245,0.8173153400421143,0,continue,-38.88791417070371
1,429,2,-0.3530366483265792,0.19925,6.198284062560288,0.794452965259552,0,continue,-39.24095081903029
1,430,2,-0.35610235276975677,0.19925,6.228301295238213,0.762786865234375,0,continue,-39.59705317180005
1,431,2,-0.33646999182292436,0.19925,6.2514524711246215,0.7339493632316589,0,continue,-39.93352316362297
1,432,2,-0.35093883951663785,0.19925,6.274685835354644,0.6962858438491821,0,continue,-40.28446200313961
1,433,1,-0.29891421356750336,0.19925,6.288981663245661,0.6766820549964905,0,continue,-40.583376216707116
1,434,2,-0.29141560861288585,0.19925,6.302715390949554,0.6490973234176636,0,continue,-40.87479182532
1,435,0,-0.22262975666818283,0.19925,6.311050003320192,0.6376134157180786,0,continue,-41.097421581988186
1,436,2,-0.24807291035318624,0.19925,6.319040469375382,0.6393184661865234,0,continue,-41.34549449234137
1,437,2,-0.22971226576102818,0.19925,6.324947398318961,0.6187081336975098,0,continue,-41.575206758102404
1,438,0,-0.2822504494716199,0.19925,6.334538457562105,0.6165117621421814,0,continue,-41.85745720757402
1,439,0,-0.2586764850819797,0.19925,6.346603843098995,0.6000553965568542,0,continue,-42.116133692656
1,440,2,-0.23947068420599885,0.19925,6.353097423747557,0.6044785380363464,0,continue,-42.355604376862
1,441,2,-0.2510197147013937,0.19925,6.35942636553829,0.5782562494277954,0,continue,-42.60662409156339
1,442,2,-0.223764172248403,0.19925,6.360358027772912,0.5793641805648804,0,continue,-42.83038826381179
1,443,0,-0.4501519308048169,0.19925,6.356382819295151,0.5759796500205994,0,continue,-43.280540194616606
1,444,2,-0.18363842265456595,0.19925,6.352766107841347,0.5726377964019775,0,continue,-43.46417861727117
1,445,2,-0.1787593587095089,0.19925,6.3484754579909595,0.5760546922683716,0,continue,-43.64293797598068
1,446,2,-0.17921129670124986,0.19925,6.343231996751775,0.5877657532691956,0,continue,-43.822149272681926
1,447,2,-0.16288216653475843,0.19925,6.332954244763243,0.592582643032074,0,continue,-43.985031439216684
1,448,2,-0.1646437273361889,0.19925,6.322530694594149,0.5936824083328247,0,continue,-44.149675166552875
1,449,2,-0.15842573500594284,0.19925,6.311247384526997,0.6047651767730713,0,continue,-44.30810090155882
1,450,2,-0.11551004979441154,0.19925,6.294349394485879,0.6197660565376282,0,continue,-44.423610951353226
1,451,2,-0.11719690300067126,0.19925,6.277788775086013,0.62775057554245,0,continue,-44.54080785435389
1,452,2,-0.08848872605853747,0.19925,6.255486520297721,0.6612394452095032,0,continue,-44.62929658041243
1,453,2,0.10233435311734151,0.19925,6.2350196496742525,0.67903071641922,0,continue,-44.52696222729509
1,454,2,0.1318361535852164,0.19925,6.208652418957209,0.6919872760772705,0,continue,-44.39512607370987
1,455,2,0.11701379070271134,0.19925,6.185249660816667,0.7236719727516174,0,continue,-44.278112283007154
1,456,1,0.19569889882821734,0.19925,6.1557082524375515,0.7483001947402954,0,continue,-44.082413384178935
1,457,2,0.1544939474705087,0.19925,6.12480946294345,0.7625269889831543,0,continue,-43.92791943670843
1,458,2,0.11742491655672974,0.19925,6.098248196240677,0.7963281273841858,0,continue,-43.8104945201517
1,459,2,0.1516362296193557,0.19925,6.065950711982986,0.8373141884803772,0,continue,-43.65885829053234
1,460,2,0.14514961686622802,0.19925,6.038967318268675,0.8498799204826355,0,continue,-43.513708673666116
1,461,2,0.18548381241503026,0.19925,6.006585941226775,0.8972188234329224,0,continue,-43.32822486125109
1,462,2,0.14988788424786761,0.19925,5.979526693680916,0.9118362665176392,0,continue,-43.17833697700322
1,463,2,0.1741813616872177,0.19925,5.947160720631767,0.9596012234687805,0,continue,-43.004155615316
1,464,2,0.1648976385516274,0.19925,5.920448678647262,0.9833886623382568,0,continue,-42.83925797676437
1,465,2,0.22178665316318674,0.19925,5.889770129096612,1.0045489072799683,0,continue,-42.61747132360119
1,466,2,0.2972514618076116,0.19925,5.861725851994193,1.0477980375289917,0,continue,-42.320219861793575
1,467,2,0.41233961833346533,0.19925,5.840591701148698,1.0730928182601929,0,continue,-41.90788024346011
1,468,2,0.5263928329159063,0.19925,5.81751992792832,1.0840129852294922,0,continue,-41.38148741054421
1,469,2,0.5073120312935185,0.19925,5.800005886678959,1.1285096406936646,0,continue,-40.874175379250694
1,470,2,0.5173140788527137,0.19925,5.780669738673183,1.1362820863723755,0,continue,-40.35686130039798
1,471,0,0.07094237602539466,0.19925,5.766528617610387,1.1545263528823853,0,continue,-40.28591892437259
1,472,2,0.4406587606867745,0.19925,5.752900371644903,1.1772546768188477,0,continue,-39.845260163685815
1,473,1,0.020422131323709316,0.19925,5.744949230500062,1.1758902072906494,0,continue,-39.8248380323621
1,474,2,0.3666345864770597,0.19925,5.739247690615448,1.2003525495529175,0,continue,-39.45820344588504
1,475,2,0.3746149239240702,0.19925,5.737817453954944,1.2058230638504028,0,continue,-39.08358852196097
1,476,2,-0.010579304928394073,0.19925,5.738804848268384,1.1941730976104736,0,continue,-39.09416782688936
1,477,0,-0.01198645399341709,0.19925,5.740259347194505,1.204184651374817,0,continue,-39.10615428088278
1,478,2,-0.009102087166498763,0.19925,5.740408968102603,1.202378511428833,0,continue,-39.11525636804927
1,479,2,0.3780193814724158,0.19925,5.739559069459001,1.1833287477493286,0,continue,-38.73723698657686
1,480,2,-0.016359901070279025,0.19925,5.740213052030126,1.201561689376831,0,continue,-38.75359688764714
1,481,2,-0.058434790608520124,0.19925,5.746806557010585,1.203417181968689,0,continue,-38.812031678255664
1,482,2,-0.05909698193642132,0.19925,5.754738591560968,1.1998622417449951,0,continue,-38.871128660192085
1,483,2,-0.08506256757146154,0.19925,5.768050740056102,1.180338740348816,0,continue,-38.95619122776355
1,484,2,-0.0984213304735884,0.19925,5.784799040754284,1.1791859865188599,0,continue,-39.05461255823714
1,485,2,-0.0912401077942182,0.19925,5.800700741949478,1.1597963571548462,0,continue,-39.14585266603136
1,486,2,-0.12169628453005124,0.19925,5.821853220198836,1.146601676940918,0,continue,-39.26754895056141
1,487,2,-0.11397805024145673,0.19925,5.841546430616408,1.1297756433486938,0,continue,-39.38152700080287
1,488,2,-0.3502584035707532,0.19925,5.867496139629075,1.0994596481323242,0,continue,-39.731785404373625
1,489,2,-0.33512454641682893,0.19925,5.891029689961101,1.078165054321289,0,continue,-40.06690995079045
1,490,0,-0.3777434658690878,0.19925,5.920821102798634,1.066475510597229,0,continue,-40.44465341665954
1,491,0,-0.3362079915824104,0.19925,5.946691216005887,1.0409259796142578,0,continue,-40.780861408241954
1,492,2,-0.3765524074277177,0.19925,5.978614138354953,1.0122013092041016,0,continue,-41.15741381566967
1,493,2,-1.3178595169217922,0.19925,6.016989164993627,0.9790924787521362,0,continue,-42.47527333259146
1,494,2,-0.43576638046235416,0.19925,6.061789442771637,0.9499103426933289,0,continue,-42.91103971305382
1,495,2,-0.44238051957451585,0.19925,6.10913681608123,0.8961564898490906,0,continue,-43.35342023262833
1,496,0,-0.32120117800718434,0.19925,6.1361501758572725,0.8600364327430725,0,continue,-43.67462141063552
1,497,0,-0.35218055986152386,0.19925,6.169131435587769,0.820580780506134,0,continue,-44.02680197049704
1,498,2,-0.34839855021690513,0.19925,6.196752122811563,0.7916325330734253,0,continue,-44.375200520713946
1,499,2,-0.40843096012126845,0.19925,6.234352978014055,0.759290874004364,0,continue,-44.78363148083521
1,500,2,-0.4259055289852711,0.19925,6.275918891892482,0.7043332457542419,0,continue,-45.20953700982048
1,501,2,-0.4043112118684092,0.19925,6.314409573061449,0.6555941104888916,0,continue,-45.61384822168889
1,502,2,-0.3399890770617917,0.19925,6.342186629500697,0.640548586845398,0,continue,-45.953837298750685
1,503,2,-0.3168091887665935,0.19925,6.365324847497203,0.6024428009986877,0,continue,-46.270646487517276
1,504,0,-0.3190070231842812,0.19925,6.392476367763837,0.5887250900268555,0,continue,-46.58965351070156
1,505,0,-0.27967067674353174,0.19925,6.413747697829441,0.5390401482582092,0,continue,-46.86932418744509
1,506,2,-0.3322709314380978,0.19925,6.434942822144352,0.5254291296005249,0,continue,-47.20159511888318
1,507,2,-0.31403821144788535,0.19925,6.45337308228986,0.5090461373329163,0,continue,-47.51563333033107
1,508,2,-0.3420378306140022,0.19925,6.477150402496639,0.4806976914405823,0,continue,-47.857671160945074
1,509,2,-0.29159706858157275,0.19925,6.492108144887519,0.46082842350006104,0,continue,-48.14926822952665
1,510,2,-0.30285234487735524,0.19925,6.505700020037743,0.44698941707611084,0,continue,-48.452120574404006
1,511,2,-0.3058273200694811,0.19925,6.520166210375573,0.4418160617351532,0,continue,-48.75794789447349
1,512,2,-0.309521725188037,0.19925,6.532416852686883,0.42752379179000854,0,continue,-49.06746961966152
1,513,2,-0.33560641592893126,0.19925,6.542167198405413,0.4051415026187897,0,continue,-49.40307603559045
1,514,2,-0.31647980429771755,0.19925,6.5461923612125466,0.39586004614830017,0,continue,-49.71955583988817
1,515,2,-0.3129792911883018,0.19925,6.544686230238985,0.3726445138454437,0,continue,-50.03253513107647
1,516,2,-0.25212338041656884,0.19925,6.539503940702675,0.38496261835098267,0,continue,-50.28465851149304
1,517,2,-0.22734424188768781,0.19925,6.530403495335071,0.39011991024017334,0,continue,-50.51200275338073
1,518,0,-0.5855252383296141,0.19925,6.521642017675747,0.4031580686569214,0,continue,-51.09752799171034
1,519,0,-0.6670170892378515,0.19925,6.509819675466199,0.397442102432251,0,continue,-51.764545080948196
1,520,2,-0.17192602426868972,0.19925,6.495441740697607,0.4217051565647125,0,continue,-51.93647110521689
1,521,2,-0.14593305187251576,0.19925,6.477359011074897,0.43087688088417053,0,continue,-52.08240415708941
1,522,2,-0.04031699160565547,0.19925,6.442375754214725,0.46128830313682556,0,continue,-52.122721148695064
1,523,2,-0.06286216857930074,0.19925,6.4143215930714765,0.48651188611984253,0,continue,-52.185583317274364
1,524,2,-0.08297604497254679,0.19925,6.390916802065986,0.5064443945884705,0,continue,-52.26855936224691
1,525,2,0.09802311054889934,0.19925,6.371312179956206,0.5460734963417053,0,continue,-52.17053625169801
1,526,2,0.12270599046853459,0.19925,6.346770981862499,0.5516054630279541,0,continue,-52.04783026122948
1,527,2,0.10471894746789445,0.19925,6.32582719236892,0.5847294926643372,0,continue,-51.943111313761584
1,528,2,0.14456863086854455,0.19925,6.296913466195211,0.597198486328125,0,continue,-51.79854268289304
1,529,2,0.15491491872766883,0.19925,6.2659304824496775,0.6271378993988037,0,continue,-51.64362776416537
1,530,2,0.13367760784007032,0.19925,6.2391949608816635,0.6554162502288818,0,continue,-51.5099501563253
1,531,2,0.16730799717929656,0.19925,6.206761097513576,0.6813477277755737,0,continue,-51.34264215914601
1,532,2,0.1530887652356805,0.19925,6.179656069700472,0.7249741554260254,0,continue,-51.18955339391033
1,533,2,0.19320409829359608,0.19925,6.147328523352414,0.7580563426017761,0,continue,-50.99634929561673
1,534,0,0.1407003891502061,0.19925,6.12078348965842,0.7901474833488464,0,continue,-50.85564890646653
1,535,2,0.21863182791866406,0.19925,6.089751507882204,0.8001372814178467,0,continue,-50.63701707854786
1,536,2,0.2188979555484243,0.19925,6.065077980566829,0.8414322137832642,0,continue,-50.41811912299944
1,537,2,0.32880183179434563,0.19925,6.032169889320984,0.8735131621360779,0,continue,-50.0893172912051
1,538,2,0.43807789817202064,0.19925,5.998006980253863,0.9144580364227295,0,continue,-49.65123939303308
1,539,2,0.4540186625343815,0.19925,5.978285239644038,0.9402769804000854,0,continue,-49.1972207304987
1,540,2,0.5261590152364467,0.19925,5.955416163148685,0.9466971158981323,0,continue,-48.671061715262255
1,541,0,0.08042885793752892,0.19925,5.937584862603596,0.9728362560272217,0,continue,-48.59063285732473
1,542,2,0.5861608696724728,0.19925,5.919094492244899,0.9959204792976379,0,continue,-48.00447198765225
1,543,1,0.040529530106000286,0.19925,5.906750005083525,1.0102876424789429,0,continue,-47.96394245754625
1,544,2,0.49201166332669016,0.19925,5.893575543568794,1.0219677686691284,0,continue,-47.47193079421956
1,545,0,0.05486009107967549,0.19925,5.8859107657758685,1.0490361452102661,0,continue,-47.417070703139885
1,546,2,0.4562189968967135,0.19925,5.881385898863508,1.0460121631622314,0,continue,-46.96085170624317
1,547,2,0.4446487854224009,0.19925,5.875839146561056,1.0625985860824585,0,continue,-46.51620292082077
1,548,0,-0.0034611591838547024,0.19925,5.866081099268194,1.0611717700958252,0,continue,-46.519664080004624
1,549,0,0.0626893877112495,0.19925,5.851842374036039,1.0758795738220215,0,continue,-46.45697469229337
1,550,2,0.46648629936267433,0.19925,5.84303325133623,1.0743017196655273,0,continue,-45.9904883929307
1,551,2,0.4275508248997626,0.19925,5.834479383231211,1.0870825052261353,0,continue,-45.56293756803094
1,552,2,0.39699501066453186,0.19925,5.834190014726626,1.1007779836654663,0,continue,-45.16594255736641
1,553,2,-0.06707960362128795,0.19925,5.8425024850539655,1.1016836166381836,0,continue,-45.233022160987694
1,554,2,-0.04396949668590677,0.19925,5.850452298126044,1.101385235786438,0,continue,-45.2769916576736
1,555,2,-0.05134801733918422,0.19925,5.859826913344639,1.0749938488006592,0,continue,-45.328339675012785
1,556,0,-0.06521603070546785,0.19925,5.868176158824973,1.0900230407714844,0,continue,-45.39355570571825
1,557,0,-0.022134683992256127,0.19925,5.87591745330555,1.0827772617340088,0,continue,-45.415690389710505
1,558,0,0.005619561936011066,0.19925,5.889978095713126,1.0765485763549805,0,continue,-45.4100708277745
1,559,2,-0.13592472807478018,0.19925,5.911957377039632,1.0623936653137207,0,continue,-45.545995555849274
1,560,2,-0.21896277307974427,0.19925,5.951161653929007,1.0329207181930542,0,continue,-45.76495832892902
1,561,2,-0.37790430822900756,0.19925,5.986109167900929,1.0076210498809814,0,continue,-46.142862637158025
1,562,2,-0.388029648149124,0.19925,6.020702597162317,0.9759726524353027,0,continue,-46.53089228530715
1,563,2,-0.3037948558028424,0.19925,6.038298363146701,0.9493495225906372,0,continue,-46.83468714110999
1,564,2,-0.30451199665865925,0.19925,6.058681076519308,0.9273849129676819,0,continue,-47.13919913776865
1,565,2,-0.32791647249674105,0.19925,6.079511025020864,0.9065241813659668,0,continue,-47.46711561026539
1,566,0,-0.07864746958878566,0.19925,6.101407729624613,0.8869134783744812,0,continue,-47.545763079854176
1,567,2,-0.39319858262811735,0.19925,6.131590676203639,0.8657962083816528,0,continue,-47.93896166248229
1,568,2,-0.3597214485056253,0.19925,6.158700774137442,0.8344833850860596,0,continue,-48.298683110987916
1,569,2,-1.3496040007404437,0.19925,6.2022850006090495,0.8091062307357788,0,continue,-49.64828711172836
1,570,2,-1.3344382270042814,0.19925,6.241478241721844,0.7487314343452454,0,continue,-50.98272533873264
1,571,2,-0.3725576583395139,0.19925,6.273740960347751,0.7306684255599976,0,continue,-51.35528299707216
1,572,2,-0.33556910276913077,0.19925,6.300514730831996,0.6891791224479675,0,continue,-51.69085209984129
1,573,2,-1.2783535933708376,0.19925,6.331035967542749,0.6710988283157349,0,continue,-52.969205693212125
1,574,2,-0.38578317434800136,0.19925,6.36158142165522,0.6430023908615112,0,continue,-53.354988867560124
1,575,2,-0.3570784250546837,0.19925,6.387189134628441,0.6262019872665405,0,continue,-53.712067292614805
1,576,0,-0.353805140775973,0.19925,6.415377092971998,0.587127685546875,0,continue,-54.06587243339078
1,577,2,-0.3246041293020689,0.19925,6.437661930070011,0.5576572418212891,0,continue,-54.39047656269285
1,578,2,-0.3272481506085223,0.19925,6.461200686104273,0.5403689742088318,0,continue,-54.71772471330137
1,579,2,-0.3251749561027825,0.19925,6.484661450936571,0.5232583284378052,0,continue,-55.04289966940416
1,580,0,-0.3654459900922434,0.19925,6.514213548396053,0.47823044657707214,0,continue,-55.4083456594964
1,581,2,-0.31793545325699485,0.19925,6.530905044959827,0.44629189372062683,0,continue,-55.72628111275339
1,582,2,-0.3383385060873758,0.19925,6.548862208718159,0.4334750473499298,0,continue,-56.064619618840766
1,583,2,-0.36746917546300906,0.19925,6.568100154334962,0.4106340706348419,0,continue,-56.43208879430377
1,584,2,-0.3771869178894842,0.19925,6.581066585419736,0.36534321308135986,0,continue,-56.809275712193255
1,585,0,-0.3618238930614885,0.19925,6.59036440197913,0.36040040850639343,0,continue,-57.171099605254746
1,586,2,-0.3520620459779704,0.19925,6.596282695209559,0.35155099630355835,0,continue,-57.52316165123272
1,587,2,-0.35972233692593714,0.19925,6.601530053658819,0.34588757157325745,0,continue,-57.88288398815865
1,588,2,-0.35177418860737075,0.19925,6.603868653269757,0.3415733277797699,0,continue,-58.234658176766025
1,589,2,-0.34862698970530887,0.19925,6.602639366350984,0.3317162096500397,0,continue,-58.583285166471335
1,590,2,-0.32314481452041144,0.19925,6.599512261284,0.3311379849910736,0,continue,-58.906429980991746
1,591,2,-0.30907300549325667,0.19925,6.593719010342052,0.3317396640777588,0,continue,-59.215502986485
1,592,2,-0.30099441176737585,0.19925,6.585041958294874,0.3266259729862213,0,continue,-59.516497398252376
1,593,2,-0.2842237952711438,0.19925,6.575305366015471,0.3359367251396179,0,continue,-59.80072119352352
1,594,2,-0.2412310709008646,0.19925,6.5601736516371885,0.34939801692962646,0,continue,-60.04195226442439
1,595,2,-0.22052557372060147,0.19925,6.54461043610522,0.36578378081321716,0,continue,-60.26247783814499
1,596,2,-0.18297801216011514,0.19925,6.52281061192471,0.3716389536857605,0,continue,-60.4454558503051
1,597,2,-0.16957148600108016,0.19925,6.50254248008318,0.39207375049591064,0,continue,-60.615027336306184
1,598,2,-0.12266450162373956,0.19925,6.476210512831912,0.40963998436927795,0,continue,-60.73769183792992
1,599,2,-0.11137214591314062,0.19925,6.452857514735986,0.4417226314544678,0,continue,-60.84906398384307
1,600,2,0.1369620245373755,0.19925,6.423351755364192,0.46966516971588135,0,continue,-60.71210195930569
1,601,2,0.14879069812674825,0.19925,6.392318900407589,0.47834447026252747,0,continue,-60.563311261178946
1,602,2,0.1332595936699743,0.19925,6.365666981673594,0.5215560793876648,0,continue,-60.43005166750897
1,603,2,0.1624542990644029,0.19925,6.333176121860713,0.5583924651145935,0,continue,-60.26759736844457
1,604,2,0.1423704442302025,0.19925,6.306128857942003,0.5758873820304871,0,continue,-60.12522692421437
1,605,0,-0.21723353357875919,0.19925,6.2740080092302035,0.6222605109214783,0,continue,-60.34246045779312
1,606,2,0.1674239027757416,0.19925,6.247987089186835,0.6402390003204346,0,continue,-60.175036555017385
1,607,2,0.20881298319912922,0.19925,6.217796019074414,0.6719527840614319,0,continue,-59.966223571818254
1,608,2,0.23720773499861192,0.19925,6.188045047197525,0.7031620740890503,0,continue,-59.72901583681964
1,609,0,0.21598518441330353,0.19925,6.150644724143905,0.7468106746673584,0,continue,-59.513030652406336
1,610,2,0.28691261687508446,0.19925,6.125039055990668,0.7568712830543518,0,continue,-59.22611803553125
1,611,2,0.3020111193075673,0.19925,6.104249046431173,0.7883045673370361,0,continue,-58.924106916223685
1,612,0,0.14762917335191278,0.19925,6.073579541551732,0.8140717148780823,0,continue,-58.77647774287177
1,613,0,0.10843231463520635,0.19925,6.0508347276148875,0.85281902551651,0,continue,-58.66804542823656
1,614,0,0.08030655172401695,0.19925,6.032145433111514,0.854203999042511,0,continue,-58.587738876512546
1,615,0,0.08890249616167294,0.19925,6.013661683812572,0.8963086009025574,0,continue,-58.49883638035087
1,616,1,0.10298198693580685,0.19925,5.99054691957698,0.917780339717865,0,continue,-58.395854393415064
1,617,2,0.5850681185521157,0.19925,5.973535575240726,0.9375856518745422,0,continue,-57.81078627486295
1,618,2,0.6051742644273339,0.19925,5.953587284139907,0.9649077653884888,0,continue,-57.205612010435615
1,619,2,0.5788803444489248,0.19925,5.9361740310726265,0.9840899109840393,0,continue,-56.62673166598669
1,620,2,0.5570004210402086,0.19925,5.924491243193476,0.9922696948051453,0,continue,-56.06973124494648
1,621,0,0.08292102197095992,0.19925,5.909045607166667,1.0163265466690063,0,continue,-55.98681022297552
1,622,0,0.0510447635063497,0.19925,5.896984034378924,1.0196446180343628,0,continue,-55.935765459469174
1,623,2,0.4782658424581785,0.19925,5.88665702813886,1.044872522354126,0,continue,-55.457499617010996
1,624,2,0.41807016131410885,0.19925,5.883343318053936,1.0578958988189697,0,continue,-55.03942945569689
1,625,0,0.007950745444155864,0.19925,5.888435949665307,1.0681979656219482,0,continue,-55.031478710252735
1,626,2,-0.04146107357487527,0.19925,5.895534514230658,1.0613946914672852,0,continue,-55.07293978382761
1,627,2,-0.041160219777685206,0.19925,5.901579071629024,1.0560390949249268,0,continue,-55.114100003605294
1,628,2,-0.03308734343987396,0.19925,5.906254013678233,1.0544239282608032,0,continue,-55.14718734704517
1,629,0,-0.029377299667327116,0.19925,5.909518517880601,1.0564996004104614,0,continue,-55.17656464671249
1,630,0,-0.02540830520102015,0.19925,5.914596473955573,1.064276933670044,0,continue,-55.20197295191351
1,631,0,-0.006189868446082641,0.19925,5.9221358263938155,1.0628389120101929,0,continue,-55.2081628203596
1,632,2,-0.11910083097945141,0.19925,5.940428060437819,1.0603878498077393,0,continue,-55.327263651339045
1,633,0,-0.002036836875248964,0.19925,5.965757220921336,1.0379419326782227,0,continue,-55.329300488214294
1,634,2,-0.17513265900960495,0.19925,5.999846338668961,1.016238808631897,0,continue,-55.5044331472239
1,635,2,-0.32612404077648205,0.19925,6.023210313797485,0.9855459928512573,0,continue,-55.830557188000384
1,636,2,-0.32574971291138644,0.19925,6.0458728967380475,0.9838860630989075,0,continue,-56.15630690091177
1,637,1,-0.31329297508016607,0.19925,6.0683360443875385,0.9527400732040405,0,continue,-56.46959987599194
1,638,2,-0.2834673676390041,0.19925,6.082825615439318,0.9399150609970093,0,continue,-56.753067243630944
1,639,2,-0.33060149031904557,0.19925,6.103173319229261,0.9360068440437317,0,continue,-57.08366873394999
1,640,2,-0.3376545676771135,0.19925,6.124813837142732,0.9179453253746033,0,continue,-57.421323301627105
1,641,2,-0.36376102528586174,0.19925,6.153328261800724,0.9031620025634766,0,continue,-57.785084326912965
1,642,2,-0.3209162785297437,0.19925,6.177451893349091,0.8818800449371338,0,continue,-58.10600060544271
1,643,2,-0.3536765961533244,0.19925,6.206374223148352,0.8430910110473633,0,continue,-58.45967720159604
1,644,0,-0.30628534355782355,0.19925,6.229963492466043,0.825383722782135,0,continue,-58.76596254515386
1,645,2,-0.3604475883255507,0.19925,6.259100872559875,0.8102571368217468,0,continue,-59.12641013347941
